{
 "elapsed": [
  115.75029754638672,
  113.29641366004944,
  114.12828588485718,
  155.27057456970215,
  113.25495219230652,
  112.69613528251648,
  113.16678929328918,
  155.0452859401703,
  113.68638586997986,
  113.48924374580383,
  114.14349555969238,
  155.01763796806335,
  113.2688045501709,
  113.22531652450562,
  113.5845057964325,
  155.7186996936798,
  113.54298830032349,
  113.30577301979065,
  113.3550660610199,
  155.15220522880554,
  113.22679042816162,
  112.91402196884155,
  113.51879048347473,
  155.6856985092163,
  113.1409044265747,
  113.00258946418762,
  113.45093441009521,
  155.22832441329956,
  113.93201971054077,
  113.18766403198242,
  113.71570992469788,
  155.15202975273132,
  113.05373787879944,
  113.52089285850525,
  114.02680349349976,
  153.75523900985718,
  113.40789270401001,
  112.66934204101562,
  113.1852056980133,
  154.74245262145996,
  113.78558564186096,
  112.42851877212524,
  113.2562620639801,
  154.93907833099365,
  113.0280647277832,
  113.43747162818909,
  113.14182686805725,
  155.02994871139526,
  113.33856058120728,
  113.21953463554382,
  113.66824769973755,
  154.7016363143921,
  113.08041501045227,
  112.4776406288147,
  113.32002091407776,
  154.64199209213257,
  113.5111255645752,
  113.83582854270935,
  112.86594843864441,
  155.703754901886,
  112.77141427993774,
  112.99269580841064,
  113.02184891700745,
  155.01402831077576,
  112.8968894481659
 ],
 "log_l": [
  -240892.73845687247,
  -239375.97083142443,
  -238550.39453382388,
  -238037.17214139388,
  -237720.27384514554,
  -237504.23992027916,
  -237305.56361072217,
  -237161.49256445406,
  -237006.04018318222,
  -236921.53765233894,
  -236826.41969222185,
  -236722.01267157114,
  -236659.0959368623,
  -236592.5279634984,
  -236518.4834458043,
  -236463.12767027505,
  -236441.17900410967,
  -236391.21878514395,
  -236388.51802201575,
  -236372.92459749876,
  -236354.82701740818,
  -236313.27611143462,
  -236326.21658377367,
  -236299.02447411354,
  -236296.96780224415,
  -236283.21863562232,
  -236290.0249829613,
  -236309.44797296173,
  -236294.0419054327,
  -236295.53620754578,
  -236279.4149850941,
  -236279.60223081082,
  -236288.49424133045,
  -236300.05813437107,
  -236288.8749578248,
  -236254.01310646138,
  -236284.6980900298,
  -236288.91126157512,
  -236284.76276616813,
  -236268.65698219946,
  -236285.48824593957,
  -236272.29111466627,
  -236275.1280738593,
  -236299.26605589053,
  -236295.02263047098,
  -236279.03122936896,
  -236293.67022971433,
  -236286.30599014324,
  -236304.33350945867,
  -236260.4247830185,
  -236266.30956585123,
  -236268.90040615402,
  -236288.72388270844,
  -236274.23843940775,
  -236260.6308483371,
  -236270.0851358545,
  -236278.59853509106,
  -236259.96284308092,
  -236266.42343127631,
  -236259.28537761097,
  -236267.1159186491,
  -236274.87160916682,
  -236254.73810479848,
  -236264.90762560975,
  -236286.68211011766
 ],
 "n_pairs": [
  17760,
  17814,
  17819,
  17825,
  17838,
  17830,
  17826,
  17826,
  17836,
  17841,
  17830,
  17841,
  17837,
  17837,
  17843,
  17841,
  17839,
  17829,
  17834,
  17833,
  17831,
  17839,
  17828,
  17835,
  17840,
  17835,
  17828,
  17845,
  17838,
  17839,
  17838,
  17835,
  17839,
  17836,
  17832,
  17843,
  17835,
  17834,
  17831,
  17824,
  17836,
  17838,
  17837,
  17838,
  17836,
  17827,
  17835,
  17837,
  17828,
  17839,
  17839,
  17829,
  17818,
  17835,
  17821,
  17835,
  17834,
  17833,
  17833,
  17841,
  17833,
  17843,
  17842,
  17829,
  17838
 ],
 "pi_diff": [
  [
   0.2698991299040161,
   0.26318307659871043,
   0.24760839931007023,
   0.13182120986463847
  ],
  [
   0.24062510161474934,
   0.21388401305340807,
   0.20379199185184604,
   0.10927396283893274
  ],
  [
   0.2170965456506543,
   0.18315412439169376,
   0.17151375539924543,
   0.09236662870425293
  ],
  [
   0.19828387665333216,
   0.16983308576514194,
   0.14831495461923486,
   0.07995082434127214
  ],
  [
   0.18341256138751577,
   0.1690954786821865,
   0.1319748581249239,
   0.07138515879768982
  ],
  [
   0.17207279070630166,
   0.17482763818799746,
   0.12073003363244832,
   0.06587547530724408
  ],
  [
   0.1635964641275931,
   0.18426787104475995,
   0.11309625853671929,
   0.06233385307848546
  ],
  [
   0.15696218183771674,
   0.1943302588611777,
   0.10794464211962904,
   0.06042460394326623
  ],
  [
   0.1512730889751173,
   0.20401748572400477,
   0.10399128456874045,
   0.05945457683219049
  ],
  [
   0.14709554900728533,
   0.21137958602598064,
   0.10123007923875346,
   0.05921672707843078
  ],
  [
   0.14329034637077026,
   0.21813089889112913,
   0.09915365436670122,
   0.059475508784787565
  ],
  [
   0.1400347393960391,
   0.2247841105029069,
   0.09785856817910538,
   0.0599025213500855
  ],
  [
   0.13815947541415716,
   0.23001540417328675,
   0.09620372716185382,
   0.06050680402153398
  ],
  [
   0.1370123297044766,
   0.23401997031846097,
   0.09458946041032613,
   0.061234056365905974
  ],
  [
   0.13655000093623462,
   0.23604688652075118,
   0.09300246435537564,
   0.06197600298594064
  ],
  [
   0.1370024384181873,
   0.23785771496803393,
   0.09160710275491973,
   0.0626762778530318
  ],
  [
   0.13742643172262994,
   0.2394705237920169,
   0.09055901769498312,
   0.06326077442119789
  ],
  [
   0.1372214606200835,
   0.24054024058828666,
   0.08942627391279556,
   0.06386501151160652
  ],
  [
   0.1378689328512323,
   0.24168618688366514,
   0.08812088518528295,
   0.06440904510951694
  ],
  [
   0.1379667296050504,
   0.24246698848367987,
   0.08702650524685246,
   0.0650731962672313
  ],
  [
   0.13845409640667045,
   0.24250886144560269,
   0.08625246917915418,
   0.06557407790997007
  ],
  [
   0.13925429018716126,
   0.24284167446431398,
   0.085269422580035,
   0.0659695669663148
  ],
  [
   0.1395683675146365,
   0.24232205544032456,
   0.08437733240115414,
   0.06635817313526393
  ],
  [
   0.1399678023176426,
   0.24228597898750273,
   0.08364824340685956,
   0.0667391804396978
  ],
  [
   0.14041378870216392,
   0.2419322702183258,
   0.08315616138455818,
   0.06720218363146115
  ],
  [
   0.1403474841045356,
   0.24163340936528135,
   0.08266055703578899,
   0.0676033917314863
  ],
  [
   0.13975441596182056,
   0.2414253387511306,
   0.08231197642471004,
   0.06801026668896314
  ],
  [
   0.13959412018486447,
   0.2406176232343456,
   0.08186330482807273,
   0.06852568436388673
  ],
  [
   0.13906141706820338,
   0.24031715792847977,
   0.0814412586304504,
   0.06884089747457861
  ],
  [
   0.13911897856204777,
   0.24038157326367868,
   0.0811682609824525,
   0.06914708947867342
  ],
  [
   0.13893236684088064,
   0.24068655947078554,
   0.0808538686543989,
   0.06938453326820483
  ],
  [
   0.13888691614573687,
   0.23941269739308305,
   0.08074801724991061,
   0.06973696290400869
  ],
  [
   0.1393125325401359,
   0.2386948796300526,
   0.08066083827119887,
   0.06976921323009473
  ],
  [
   0.13944080665666309,
   0.2385022972517428,
   0.08038044386187232,
   0.06986692461508828
  ],
  [
   0.139018593096047,
   0.23846218962397128,
   0.08033989955468454,
   0.06991179745851785
  ],
  [
   0.1394827266875008,
   0.23810196843707165,
   0.08040724412662419,
   0.06994687947301727
  ],
  [
   0.14005319160957252,
   0.23730489868002172,
   0.08036840131934012,
   0.07004394666629772
  ],
  [
   0.14023007869446907,
   0.2372319493911318,
   0.08033694302893576,
   0.0701040179645288
  ],
  [
   0.14020270557836337,
   0.23674041537168447,
   0.08053140418051628,
   0.07015130997844486
  ],
  [
   0.1401361704027031,
   0.2368684387808055,
   0.0804868623848657,
   0.07017444537594958
  ],
  [
   0.14054397310512529,
   0.23598123683424738,
   0.08022170527172877,
   0.07016532688067109
  ],
  [
   0.1404715444125997,
   0.23634363379273549,
   0.08006097292579696,
   0.0701676797203037
  ],
  [
   0.14078983996628897,
   0.2361280154843314,
   0.07985719740446787,
   0.07019041701511668
  ],
  [
