benchmark,method,model,sp,tc,seconds,n_seqs,error
BB11001,baseline_fsa,-,0.8683127572016461,0.881578947368421,4.710552453994751,4,
BB11001,tkfdp_aug,K4_emwarm,0.8683127572016461,0.881578947368421,29.124051809310913,4,
BB11001,tkfdp_mcmc,K4_emwarm,0.7654320987654321,0.75,142.77453517913818,4,
