{
  "n_pairs": 40,
  "n_families": 5,
  "micro": {
    "e_tp": 1083.45,
    "total_mass": 2476.0775,
    "gold": 1332,
    "n_cells": 201441,
    "soft_precision": 0.43756707938261225,
    "soft_recall": 0.8134009009009009,
    "soft_F1": 0.5690272847650817,
    "soft_SP": 0.8134009009009009
  },
  "per_family": {
    "BB12032": {
      "n_pairs": 10,
      "e_tp_sum": 151.51,
      "total_mass_sum": 552.86,
      "gold_sum": 180
    },
    "BB12014": {
      "n_pairs": 15,
      "e_tp_sum": 457.0250000000001,
      "total_mass_sum": 855.6825000000001,
      "gold_sum": 555
    },
    "BB12021": {
      "n_pairs": 6,
      "e_tp_sum": 253.72499999999997,
      "total_mass_sum": 414.52250000000004,
      "gold_sum": 306
    },
    "BB20001": {
      "n_pairs": 3,
      "e_tp_sum": 78.70749999999998,
      "total_mass_sum": 203.2025,
      "gold_sum": 117
    },
    "BB11001": {
      "n_pairs": 6,
      "e_tp_sum": 142.48250000000002,
      "total_mass_sum": 449.80999999999995,
      "gold_sum": 174
    }
  }
}